{"cameraMode":{"drawMode":0,"name":"Shaded","section":"Shading Mode"},"sceneLighting":false,"audioPlay":false,"sceneViewState":{"showFog":true,"showMaterialUpdate":false,"showSkybox":false,"showFlares":true,"showImageEffects":true,"showParticleSystems":true},"in2DMode":false,"pivot":{"x":-1.640000343322754,"y":-2.3199996948242189,"z":0.0},"rotation":{"x":0.10905739665031433,"y":0.24630866944789887,"z":-0.027904395014047624,"w":0.9626326560974121},"size":19.243907928466798,"orthographic":false}